{
    "variants": {
        "": [
            { "model": "block/bookshelf" },
			{ "model": "block/bookshelf1" },
			{ "model": "block/bookshelf2" },
			{ "model": "block/bookshelf3" },
			{ "model": "block/bookshelf4" },
			{ "model": "block/bookshelf5" },
			{ "model": "block/bookshelf6" },
			{ "model": "block/bookshelf7" },
			{ "model": "block/bookshelf8" },
			{ "model": "block/bookshelf9" },
			{ "model": "block/bookshelf10" },
			{ "model": "block/bookshelf11" },
			{ "model": "block/bookshelf12" },
			{ "model": "block/bookshelf13" },
			{ "model": "block/bookshelf14" },
			{ "model": "block/bookshelf15" },
			{ "model": "block/bookshelf16" },
			{ "model": "block/bookshelf17" },
			{ "model": "block/bookshelf18" },
			{ "model": "block/bookshelf19" },
			{ "model": "block/bookshelf20" },
			{ "model": "block/bookshelf21" },
			{ "model": "block/bookshelf22" },
			{ "model": "block/bookshelf23" },
			{ "model": "block/bookshelf24" },
			{ "model": "block/bookshelf25" },
			{ "model": "block/bookshelf26" },
			{ "model": "block/bookshelf27" },
			{ "model": "block/bookshelf28" },
			{ "model": "block/bookshelf29" },
			{ "model": "block/bookshelf30" },
			{ "model": "block/bookshelf31" },
			{ "model": "block/bookshelf32" },
			{ "model": "block/bookshelf33" },
			{ "model": "block/bookshelf34" },
			{ "model": "block/bookshelf35" },
			{ "model": "block/bookshelf36" },
			{ "model": "block/bookshelf37" },
			{ "model": "block/bookshelf38" },
			{ "model": "block/bookshelf39" },
			{ "model": "block/bookshelf40" },
			{ "model": "block/bookshelf41" },
			{ "model": "block/bookshelf42" },
			{ "model": "block/bookshelf43" },
			{ "model": "block/bookshelf44" },
			{ "model": "block/bookshelf45" },
			{ "model": "block/bookshelf46" },
			{ "model": "block/bookshelf47" },
			{ "model": "block/bookshelf48" },
			{ "model": "block/bookshelf49" },
			{ "model": "block/bookshelf50" },
			{ "model": "block/bookshelf51" },
			{ "model": "block/bookshelf52" },
			{ "model": "block/bookshelf53" },
			{ "model": "block/bookshelf54" },
			{ "model": "block/bookshelf55" },
			{ "model": "block/bookshelf56" },
			{ "model": "block/bookshelf57" },
			{ "model": "block/bookshelf58" },
			{ "model": "block/bookshelf59" },
			{ "model": "block/bookshelf60" },
			{ "model": "block/bookshelf61" },
			{ "model": "block/bookshelf62" },
			{ "model": "block/bookshelf63" },
			{ "model": "block/bookshelf64" },
			{ "model": "block/bookshelf65" },
			{ "model": "block/bookshelf66" },
			{ "model": "block/bookshelf67" },
			{ "model": "block/bookshelf68" },
			{ "model": "block/bookshelf69" },
			{ "model": "block/bookshelf70" },
			{ "model": "block/bookshelf71" },
			{ "model": "block/bookshelf72" },
			{ "model": "block/bookshelf73" },
			{ "model": "block/bookshelf74" },
			{ "model": "block/bookshelf75" },
			{ "model": "block/bookshelf76" },
			{ "model": "block/bookshelf77" },
			{ "model": "block/bookshelf78" },
			{ "model": "block/bookshelf79" },
			{ "model": "block/bookshelf80" },
			{ "model": "block/bookshelf81" },
			{ "model": "block/bookshelf82" },
			{ "model": "block/bookshelf83" },
			{ "model": "block/bookshelf84" },
			{ "model": "block/bookshelf85" },
			{ "model": "block/bookshelf86" },
			{ "model": "block/bookshelf87" },
			{ "model": "block/bookshelf88" },
			{ "model": "block/bookshelf89" },
			{ "model": "block/bookshelf90" },
			{ "model": "block/bookshelf91" },
			{ "model": "block/bookshelf92" },
			{ "model": "block/bookshelf93" },
			{ "model": "block/bookshelf94" },
			{ "model": "block/bookshelf95" },
			{ "model": "block/bookshelf96" },
			{ "model": "block/bookshelf97" },
			{ "model": "block/bookshelf98" },
			{ "model": "block/bookshelf99" },
			{ "model": "block/bookshelf100" },
			{ "model": "block/bookshelf101" },
			{ "model": "block/bookshelf102" },
			{ "model": "block/bookshelf103" },
			{ "model": "block/bookshelf104" },
			{ "model": "block/bookshelf105" },
			{ "model": "block/bookshelf106" },
			{ "model": "block/bookshelf107" },
			{ "model": "block/bookshelf108" },
			{ "model": "block/bookshelf109" },
			{ "model": "block/bookshelf110" },
			{ "model": "block/bookshelf111" },
			{ "model": "block/bookshelf112" },
			{ "model": "block/bookshelf113" },
			{ "model": "block/bookshelf114" },
			{ "model": "block/bookshelf115" },
			{ "model": "block/bookshelf116" },
			{ "model": "block/bookshelf117" },
			{ "model": "block/bookshelf118" },
			{ "model": "block/bookshelf119" },
			{ "model": "block/bookshelf120" },
			{ "model": "block/bookshelf121" },
			{ "model": "block/bookshelf122" },
			{ "model": "block/bookshelf123" },
			{ "model": "block/bookshelf124" },
			{ "model": "block/bookshelf125" },
			{ "model": "block/bookshelf126" },
			{ "model": "block/bookshelf127" },
			{ "model": "block/bookshelf128" },
			{ "model": "block/bookshelf129" },
			{ "model": "block/bookshelf130" },
			{ "model": "block/bookshelf131" },
			{ "model": "block/bookshelf132" },
			{ "model": "block/bookshelf133" },
			{ "model": "block/bookshelf134" },
			{ "model": "block/bookshelf135" },
			{ "model": "block/bookshelf136" },
			{ "model": "block/bookshelf137" },
			{ "model": "block/bookshelf138" },
			{ "model": "block/bookshelf139" },
			{ "model": "block/bookshelf140" },
			{ "model": "block/bookshelf141" },
			{ "model": "block/bookshelf142" },
			{ "model": "block/bookshelf143" },
			{ "model": "block/bookshelf144" },
			{ "model": "block/bookshelf145" },
			{ "model": "block/bookshelf146" },
			{ "model": "block/bookshelf147" },
			{ "model": "block/bookshelf148" },
			{ "model": "block/bookshelf149" },
			{ "model": "block/bookshelf150" },
			{ "model": "block/bookshelf151" },
			{ "model": "block/bookshelf152" },
			{ "model": "block/bookshelf153" },
			{ "model": "block/bookshelf154" },
			{ "model": "block/bookshelf155" },
			{ "model": "block/bookshelf156" },
			{ "model": "block/bookshelf157" },
			{ "model": "block/bookshelf158" },
			{ "model": "block/bookshelf159" },
			{ "model": "block/bookshelf160" },
			{ "model": "block/bookshelf161" },
			{ "model": "block/bookshelf162" },
			{ "model": "block/bookshelf163" },
			{ "model": "block/bookshelf164" },
			{ "model": "block/bookshelf165" },
			{ "model": "block/bookshelf166" },
			{ "model": "block/bookshelf167" },
			{ "model": "block/bookshelf168" },
			{ "model": "block/bookshelf169" },
			{ "model": "block/bookshelf170" },
			{ "model": "block/bookshelf171" },
			{ "model": "block/bookshelf172" },
			{ "model": "block/bookshelf173" },
			{ "model": "block/bookshelf174" },
			{ "model": "block/bookshelf175" },
			{ "model": "block/bookshelf176" },
			{ "model": "block/bookshelf177" },
			{ "model": "block/bookshelf178" },
			{ "model": "block/bookshelf179" },
			{ "model": "block/bookshelf180" },
			{ "model": "block/bookshelf181" },
			{ "model": "block/bookshelf182" },
			{ "model": "block/bookshelf183" },
			{ "model": "block/bookshelf184" },
			{ "model": "block/bookshelf185" },
			{ "model": "block/bookshelf186" },
			{ "model": "block/bookshelf187" },
			{ "model": "block/bookshelf188" },
			{ "model": "block/bookshelf189" },
			{ "model": "block/bookshelf190" },
			{ "model": "block/bookshelf191" },
			{ "model": "block/bookshelf192" },
			{ "model": "block/bookshelf193" },
			{ "model": "block/bookshelf194" },
			{ "model": "block/bookshelf195" },
			{ "model": "block/bookshelf196" },
			{ "model": "block/bookshelf197" },
			{ "model": "block/bookshelf198" },
			{ "model": "block/bookshelf199" },
			{ "model": "block/bookshelf200" },
			{ "model": "block/bookshelf201" },
			{ "model": "block/bookshelf202" },
			{ "model": "block/bookshelf203" },
			{ "model": "block/bookshelf204" },
			{ "model": "block/bookshelf205" },
			{ "model": "block/bookshelf206" },
			{ "model": "block/bookshelf207" },
			{ "model": "block/bookshelf208" },
			{ "model": "block/bookshelf209" },
			{ "model": "block/bookshelf210" },
			{ "model": "block/bookshelf211" },
			{ "model": "block/bookshelf212" },
			{ "model": "block/bookshelf213" },
			{ "model": "block/bookshelf214" },
			{ "model": "block/bookshelf215" },
			{ "model": "block/bookshelf216" },
			{ "model": "block/bookshelf217" },
			{ "model": "block/bookshelf218" },
			{ "model": "block/bookshelf219" },
			{ "model": "block/bookshelf220" },
			{ "model": "block/bookshelf221" },
			{ "model": "block/bookshelf222" },
			{ "model": "block/bookshelf223" },
			{ "model": "block/bookshelf224" } ]
    }
}

